position,wt,mut,secondary_structure,relative_sasa,buried_flag,entropy,charge_change,hydrophobicity_delta,volume_delta,polarity_change_flag,volume_impact,hydro_impact,conservation_score,stability_score,stability_class
175,R,H,-,0.012096774193548387,1,0.014074507658723343,-0.5,1.2999999999999998,-20.200000000000017,0,0.20200000000000018,0.25999999999999995,0.8687299062385068,3.3307299062385063,High impact
248,R,Q,T,0.7096774193548387,0,0.014074507658723343,-1.0,1.0,-29.599999999999994,0,0.29599999999999993,0.2,0.8687299062385068,1.3647299062385068,Low impact
273,R,H,E,0.2782258064516129,0,0.028008972741932307,-0.5,1.2999999999999998,-20.200000000000017,0,0.20200000000000018,0.25999999999999995,0.7387659613288335,1.2007659613288337,Low impact
282,R,W,H,0.14516129032258066,1,0.10721792950262948,-1.0,3.6,54.400000000000006,1,0.544,0.72,0.0,3.2640000000000002,High impact
